"year","category","name","team","games","desc.","source"
1946,"PEDs",NA,NA,0,NA,NA
1946,"Substance abuse",NA,NA,0,NA,NA
1946,"Personal conduct","M. Hapes","NYG",0,"Gambling-related","http://espn.go.com/blog/nflnation/tag/_/name/frank-filchock"
1946,"In-game violence",NA,NA,0,NA,NA
1947,"PEDs",NA,NA,0,NA,NA
1947,"Substance abuse",NA,NA,0,NA,NA
1947,"Personal conduct","F. Filchock","NYG",36,"Gambling-related","http://espn.go.com/blog/nflnation/tag/_/name/frank-filchock"
1947,"In-game violence",NA,NA,0,NA,NA
1948,"PEDs",NA,NA,0,NA,NA
1948,"Substance abuse",NA,NA,0,NA,NA
1948,"Personal conduct",NA,NA,0,NA,NA
1948,"In-game violence",NA,NA,0,NA,NA
1949,"PEDs",NA,NA,0,NA,NA
1949,"Substance abuse",NA,NA,0,NA,NA
1949,"Personal conduct",NA,NA,0,NA,NA
1949,"In-game violence",NA,NA,0,NA,NA
1950,"PEDs",NA,NA,0,NA,NA
1950,"Substance abuse",NA,NA,0,NA,NA
1950,"Personal conduct",NA,NA,0,NA,NA
1950,"In-game violence",NA,NA,0,NA,NA
1951,"PEDs",NA,NA,0,NA,NA
1951,"Substance abuse",NA,NA,0,NA,NA
1951,"Personal conduct",NA,NA,0,NA,NA
1951,"In-game violence",NA,NA,0,NA,NA
1952,"PEDs",NA,NA,0,NA,NA
1952,"Substance abuse",NA,NA,0,NA,NA
1952,"Personal conduct",NA,NA,0,NA,NA
1952,"In-game violence",NA,NA,0,NA,NA
1953,"PEDs",NA,NA,0,NA,NA
1953,"Substance abuse",NA,NA,0,NA,NA
1953,"Personal conduct",NA,NA,0,NA,NA
1953,"In-game violence",NA,NA,0,NA,NA
1954,"PEDs",NA,NA,0,NA,NA
1954,"Substance abuse",NA,NA,0,NA,NA
1954,"Personal conduct",NA,NA,0,NA,NA
1954,"In-game violence",NA,NA,0,NA,NA
1955,"PEDs",NA,NA,0,NA,NA
1955,"Substance abuse",NA,NA,0,NA,NA
1955,"Personal conduct",NA,NA,0,NA,NA
1955,"In-game violence",NA,NA,0,NA,NA
1956,"PEDs",NA,NA,0,NA,NA
1956,"Substance abuse",NA,NA,0,NA,NA
1956,"Personal conduct",NA,NA,0,NA,NA
1956,"In-game violence",NA,NA,0,NA,NA
1957,"PEDs",NA,NA,0,NA,NA
1957,"Substance abuse",NA,NA,0,NA,NA
1957,"Personal conduct",NA,NA,0,NA,NA
1957,"In-game violence",NA,NA,0,NA,NA
1958,"PEDs",NA,NA,0,NA,NA
1958,"Substance abuse",NA,NA,0,NA,NA
1958,"Personal conduct",NA,NA,0,NA,NA
1958,"In-game violence",NA,NA,0,NA,NA
1959,"PEDs",NA,NA,0,NA,NA
1959,"Substance abuse",NA,NA,0,NA,NA
1959,"Personal conduct",NA,NA,0,NA,NA
1959,"In-game violence",NA,NA,0,NA,NA
1960,"PEDs",NA,NA,0,NA,NA
1960,"Substance abuse",NA,NA,0,NA,NA
1960,"Personal conduct",NA,NA,0,NA,NA
1960,"In-game violence",NA,NA,0,NA,NA
1961,"PEDs",NA,NA,0,NA,NA
1961,"Substance abuse",NA,NA,0,NA,NA
1961,"Personal conduct",NA,NA,0,NA,NA
1961,"In-game violence",NA,NA,0,NA,NA
1962,"PEDs",NA,NA,0,NA,NA
1962,"Substance abuse",NA,NA,0,NA,NA
1962,"Personal conduct",NA,NA,0,NA,NA
1962,"In-game violence",NA,NA,0,NA,NA
1963,"PEDs",NA,NA,0,NA,NA
1963,"Substance abuse",NA,NA,0,NA,NA
1963,"Personal conduct","A. Karras","DET",14,"Gambling-related","http://www.usatoday.com/story/sports/nfl/lions/2012/10/10/alex-karras-obituary-detroit-lions/1623419/"
1963,"In-game violence",NA,NA,0,NA,NA
1964,"PEDs",NA,NA,0,NA,NA
1964,"Substance abuse",NA,NA,0,NA,NA
1964,"Personal conduct",NA,NA,0,NA,NA
1964,"In-game violence",NA,NA,0,NA,NA
1965,"PEDs",NA,NA,0,NA,NA
1965,"Substance abuse",NA,NA,0,NA,NA
1965,"Personal conduct",NA,NA,0,NA,NA
1965,"In-game violence",NA,NA,0,NA,NA
1966,"PEDs",NA,NA,0,NA,NA
1966,"Substance abuse",NA,NA,0,NA,NA
1966,"Personal conduct",NA,NA,0,NA,NA
1966,"In-game violence",NA,NA,0,NA,NA
1967,"PEDs",NA,NA,0,NA,NA
1967,"Substance abuse",NA,NA,0,NA,NA
1967,"Personal conduct",NA,NA,0,NA,NA
1967,"In-game violence",NA,NA,0,NA,NA
1968,"PEDs",NA,NA,0,NA,NA
1968,"Substance abuse",NA,NA,0,NA,NA
1968,"Personal conduct",NA,NA,0,NA,NA
1968,"In-game violence",NA,NA,0,NA,NA
1969,"PEDs",NA,NA,0,NA,NA
1969,"Substance abuse",NA,NA,0,NA,NA
1969,"Personal conduct",NA,NA,0,NA,NA
1969,"In-game violence",NA,NA,0,NA,NA
1970,"PEDs",NA,NA,0,NA,NA
1970,"Substance abuse",NA,NA,0,NA,NA
1970,"Personal conduct",NA,NA,0,NA,NA
1970,"In-game violence",NA,NA,0,NA,NA
1971,"PEDs",NA,NA,0,NA,NA
1971,"Substance abuse",NA,NA,0,NA,NA
1971,"Personal conduct",NA,NA,0,NA,NA
1971,"In-game violence",NA,NA,0,NA,NA
1972,"PEDs",NA,NA,0,NA,NA
1972,"Substance abuse",NA,NA,0,NA,NA
1972,"Personal conduct",NA,NA,0,NA,NA
1972,"In-game violence",NA,NA,0,NA,NA
1973,"PEDs",NA,NA,0,NA,NA
1973,"Substance abuse",NA,NA,0,NA,NA
1973,"Personal conduct",NA,NA,0,NA,NA
1973,"In-game violence",NA,NA,0,NA,NA
1974,"PEDs",NA,NA,0,NA,NA
1974,"Substance abuse",NA,NA,0,NA,NA
1974,"Personal conduct",NA,NA,0,NA,NA
1974,"In-game violence",NA,NA,0,NA,NA
1975,"PEDs",NA,NA,0,NA,NA
1975,"Substance abuse",NA,NA,0,NA,NA
1975,"Personal conduct",NA,NA,0,NA,NA
1975,"In-game violence",NA,NA,0,NA,NA
1976,"PEDs",NA,NA,0,NA,NA
1976,"Substance abuse",NA,NA,0,NA,NA
1976,"Personal conduct",NA,NA,0,NA,NA
1976,"In-game violence",NA,NA,0,NA,NA
1977,"PEDs",NA,NA,0,NA,NA
1977,"Substance abuse",NA,NA,0,NA,NA
1977,"Personal conduct",NA,NA,0,NA,NA
1977,"In-game violence",NA,NA,0,NA,NA
1978,"PEDs",NA,NA,0,NA,NA
1978,"Substance abuse",NA,NA,0,NA,NA
1978,"Personal conduct",NA,NA,0,NA,NA
1978,"In-game violence",NA,NA,0,NA,NA
1979,"PEDs",NA,NA,0,NA,NA
1979,"Substance abuse",NA,NA,0,NA,NA
1979,"Personal conduct",NA,NA,0,NA,NA
1979,"In-game violence",NA,NA,0,NA,NA
1980,"PEDs",NA,NA,0,NA,NA
1980,"Substance abuse",NA,NA,0,NA,NA
1980,"Personal conduct",NA,NA,0,NA,NA
1980,"In-game violence",NA,NA,0,NA,NA
1981,"PEDs",NA,NA,0,NA,NA
1981,"Substance abuse",NA,NA,0,NA,NA
1981,"Personal conduct",NA,NA,0,NA,NA
1981,"In-game violence",NA,NA,0,NA,NA
1982,"PEDs",NA,NA,0,NA,NA
1982,"Substance abuse",NA,NA,0,NA,NA
1982,"Personal conduct",NA,NA,0,NA,NA
1982,"In-game violence",NA,NA,0,NA,NA
1983,"PEDs",NA,NA,0,NA,NA
1983,"Substance abuse",NA,NA,0,NA,NA
1983,"Personal conduct","A. Schlichter","IND",16,"Gambling-related","http://espn.go.com/blog/nflnation/tag/_/name/frank-filchock"
1983,"In-game violence",NA,NA,0,NA,NA
1984,"PEDs",NA,NA,0,NA,NA
1984,"Substance abuse",NA,NA,0,NA,NA
1984,"Personal conduct",NA,NA,0,NA,NA
1984,"In-game violence",NA,NA,0,NA,NA
1985,"PEDs",NA,NA,0,NA,NA
1985,"Substance abuse",NA,NA,0,NA,NA
1985,"Personal conduct",NA,NA,0,NA,NA
1985,"In-game violence",NA,NA,0,NA,NA
1986,"PEDs",NA,NA,0,NA,NA
1986,"Substance abuse",NA,NA,0,NA,NA
1986,"Personal conduct",NA,NA,0,NA,NA
1986,"In-game violence","C. Martin","GB",2,"Illegal hit","http://espn.go.com/blog/nflnation/tag/_/name/frank-filchock"
1987,"PEDs",NA,NA,0,NA,NA
1987,"Substance abuse",NA,NA,0,NA,NA
1987,"Personal conduct",NA,NA,0,NA,NA
1987,"In-game violence",NA,NA,0,NA,NA
1988,"PEDs",NA,NA,0,NA,NA
1988,"Substance abuse",NA,NA,0,NA,NA
1988,"Personal conduct",NA,NA,0,NA,NA
1988,"In-game violence",NA,NA,0,NA,NA
1989,"PEDs","V. Kirk","STL",4,NA,"http://articles.latimes.com/1989-08-30/sports/sp-1284_1_nfl-suspends"
1989,"PEDs","M. Mraz","LA",3,NA,"http://articles.latimes.com/1989-08-30/sports/sp-1284_1_nfl-suspends"
1989,"PEDs","M. Douglass","DET",4,NA,"http://www.utsandiego.com/uniontrib/20080921/news_1s21nfl89.html"
1989,"PEDs","K. Uecker","GB",4,NA,"http://www.nytimes.com/1989/08/30/sports/nfl-bans-15-for-drugs-or-steroids.html"
1989,"PEDs","R. Putzier","SF",4,NA,"http://articles.latimes.com/1989-08-30/sports/sp-1284_1_nfl-suspends"
1989,"PEDs","S. Doctor","BUF",4,NA,"http://www.nytimes.com/1989/08/30/sports/nfl-bans-15-for-drugs-or-steroids.html"
1989,"PEDs","R. Solt","PHI",4,NA,"http://www.nytimes.com/1989/08/30/sports/nfl-bans-15-for-drugs-or-steroids.html"
1989,"PEDs","V. Amoia","NO",3,NA,"http://www.nytimes.com/1989/08/30/sports/two-suspended-jets-are-out-of-a-job.html"
1989,"PEDs","M. Ariey","GB",4,NA,"http://www.utsandiego.com/uniontrib/20080921/news_1s21nfl89.html"
1989,"PEDs","T. Burse","SEA",4,NA,"http://articles.chicagotribune.com/1989-08-30/sports/8901090097_1_steroid-drug-policy-league-spokesman-joe-browne"
1989,"PEDs","M. Jaworski","BUF",4,NA,"http://www.nytimes.com/1989/08/30/sports/nfl-bans-15-for-drugs-or-steroids.html"
1989,"PEDs","K. Henderson","SF",4,NA,"http://www.nytimes.com/1989/08/30/sports/nfl-bans-15-for-drugs-or-steroids.html"
1989,"PEDs","T. Doctor","BUF",4,NA,"http://www.utsandiego.com/sports/nfl/20080921-9999-1s21list.html"
1989,"PEDs","B. Riley","NYJ",3,NA,"http://www.nytimes.com/1989/08/30/sports/two-suspended-jets-are-out-of-a-job.html"
1989,"Substance abuse","O. Mobley","DEN",4,NA,"http://articles.chicagotribune.com/1989-08-30/sports/8901090097_1_steroid-drug-policy-league-spokesman-joe-browne"
1989,"Substance abuse","L. Irvin","LA",3,"Marijuana-related","http://articles.latimes.com/1989-08-30/sports/sp-1280_1_leroy-irvin"
1989,"Personal conduct",NA,NA,0,NA,NA
1989,"In-game violence",NA,NA,0,NA,NA
1990,"PEDs","L. Cheek","DAL",3,NA,"http://www.nytimes.com/1990/08/17/sports/drug-suspension-for-bax-of-bucs.html"
1990,"PEDs","B. Sochia","MIA",5,NA,"http://articles.sun-sentinel.com/1990-08-24/sports/9002100425_1_alfred-oglesby-shula-brian-sochia"
1990,"PEDs","J. Brandom","ARI",3,NA,"http://articles.latimes.com/1990-08-14/sports/sp-693_1_offensive-linemen"
1990,"Substance abuse",NA,NA,0,NA,NA
1990,"Personal conduct",NA,NA,0,NA,NA
1990,"In-game violence",NA,NA,0,NA,NA
1991,"PEDs",NA,NA,0,NA,NA
1991,"Substance abuse",NA,NA,0,NA,NA
1991,"Personal conduct",NA,NA,0,NA,NA
1991,"In-game violence",NA,NA,0,NA,NA
1992,"PEDs",NA,NA,0,NA,NA
1992,"Substance abuse",NA,NA,0,NA,NA
1992,"Personal conduct",NA,NA,0,NA,NA
1992,"In-game violence",NA,NA,0,NA,NA
1993,"PEDs","E. Moore","NYG",4,NA,"http://www.nytimes.com/1993/07/30/sports/pro-football-giants-moore-faces-ban-by-nfl.html"
1993,"Substance abuse",NA,NA,0,NA,NA
1993,"Personal conduct",NA,NA,0,NA,NA
1993,"In-game violence",NA,NA,0,NA,NA
1994,"PEDs","F. Wycheck","WAS",4,NA,"http://articles.philly.com/1994-11-30/sports/25868967_1_frank-wycheck-steroids-nfl-policy"
1994,"Substance abuse",NA,NA,0,NA,NA
1994,"Personal conduct",NA,NA,0,NA,NA
1994,"In-game violence",NA,NA,0,NA,NA
1995,"PEDs","J. Steed","PIT",4,NA,"http://articles.chicagotribune.com/1995-10-24/sports/9510240320_1_nose-tackle-joel-steed-bernard-williams-nfl"
1995,"Substance abuse",NA,NA,0,NA,NA
1995,"Personal conduct",NA,NA,0,NA,NA
1995,"In-game violence",NA,NA,0,NA,NA
1996,"PEDs",NA,NA,0,NA,NA
1996,"Substance abuse",NA,NA,0,NA,NA
1996,"Personal conduct",NA,NA,0,NA,NA
1996,"In-game violence",NA,NA,0,NA,NA
1997,"PEDs","M. Stevens","PHI",4,NA,"http://articles.philly.com/2014-07-02/sports/51005838_1_lane-johnson-groveton-linebacker-jake-knott"
1997,"PEDs","S. Davis","ARI",4,NA,"http://www.apnewsarchive.com/1997/Falcons-guard-Scott-Davis-suspended-by-NFL-for-steroid-abuse/id-1e82e1a0780f24c6559a167118382f28"
1997,"PEDs","A. Ulmer","MIN",4,NA,"http://www.apnewsarchive.com/1997/Vikings-rookie-suspended-for-steroid-use/id-6fa45c120b20b6e4d035442c8a62da30"
1997,"Substance abuse",NA,NA,0,NA,NA
1997,"Personal conduct",NA,NA,0,NA,NA
1997,"In-game violence",NA,NA,0,NA,NA
1998,"PEDs","J. Waddy","GB",4,NA,"http://a.espncdn.com/nfl/columns/pasquarelli_len/1403350.html"
1998,"PEDs","P. Wiggins","PIT",4,NA,"http://alb.merlinone.net/mweb/wmsql.wm.request?oneimage&imageid=5942417"
1998,"Substance abuse",NA,NA,0,NA,NA
1998,"Personal conduct",NA,NA,0,NA,NA
1998,"In-game violence",NA,NA,0,NA,NA
1999,"PEDs","L. West","NYG",4,NA,"http://static.espn.go.com/nfl/news/1999/1201/205894.html"
1999,"PEDs","T. Jervey","SF",4,NA,"http://www.sfgate.com/sports/article/49ers-Notebook-Jervey-Suspended-for-Steroid-Use-2901850.php"
1999,"PEDs","J. Miller","CHI",4,NA,"http://www.nytimes.com/1999/12/02/sports/pro-football-bears-lose-miller-to-steroid-suspension.html"
1999,"PEDs","H. Taylor","CHI",4,NA,"http://www.nytimes.com/2001/10/07/sports/pro-football-notebook-nfl-is-seeing-fewer-flaws-in-testing-players-for-drugs.html"
1999,"Substance abuse","J. Ferguson","NYJ",4,NA,"http://sports.espn.go.com/nfl/news/story?id=4973457"
1999,"Personal conduct",NA,NA,0,NA,NA
1999,"In-game violence",NA,NA,0,NA,NA
2000,"PEDs",NA,NA,0,NA,NA
2000,"Substance abuse",NA,NA,0,NA,NA
2000,"Personal conduct",NA,NA,0,NA,NA
2000,"In-game violence",NA,NA,0,NA,NA
2001,"PEDs","T. Bennett","DET",4,NA,"http://articles.latimes.com/2001/dec/15/sports/sp-15083"
2001,"PEDs","S. Springs","SEA",4,NA,"http://articles.philly.com/2001-11-28/sports/25320203_1_seahawks-springs-lamar-chapman-browns-president-carmen-policy"
2001,"Substance abuse",NA,NA,0,NA,NA
2001,"Personal conduct",NA,NA,0,NA,NA
2001,"In-game violence",NA,NA,0,NA,NA
2002,"PEDs","T.J. Slaughter","JAX",4,NA,"http://articles.orlandosentinel.com/2002-09-07/sports/0209070474_1_slaughter-coleman-tennessee-titans"
2002,"PEDs","D. Graham","HOU",4,NA,"http://www.nytimes.com/2002/12/19/sports/nfl-texans-lineman-suspended.html"
2002,"PEDs","J. Peppers","CAR",4,NA,"http://www.nytimes.com/2002/12/04/sports/pro-football-peppers-to-serve-four-game-suspension.html"
2002,"PEDs","L. Bush","KC",4,NA,"http://a.espncdn.com/nfl/columns/pasquarelli_len/1457788.html"
2002,"PEDs","D. Shelton","CHI",4,NA,"http://www.nytimes.com/2001/10/07/sports/pro-football-notebook-nfl-is-seeing-fewer-flaws-in-testing-players-for-drugs.html"
2002,"PEDs","R. Buchanan","JAX",4,NA,"http://a.espncdn.com/nfl/news/2002/0911/1430323.html"
2002,"Substance abuse",NA,NA,0,NA,NA
2002,"Personal conduct","V. Riley","KC",1,"Domestic violence","http://a.espncdn.com/nfl/news/2003/0703/1576427.html"
2002,"In-game violence",NA,NA,0,NA,NA
2003,"PEDs","M. Cloud","KC",4,NA,"http://a.espncdn.com/nfl/columns/pasquarelli_len/1529903.html"
2003,"PEDs","K. Newman","ATL",4,NA,"http://sports.espn.go.com/espn/wire?id=1606334"
2003,"PEDs","B. Chamberlain","MIN",4,NA,"http://a.espncdn.com/nfl/news/2003/0711/1579603.html"
2003,"PEDs","B. Buckner","CAR",4,NA,"http://a.espncdn.com/nfl/columns/pasquarelli_len/1455668.html"
2003,"PEDs","S. Shanle","STL",4,NA,"http://www.utsandiego.com/sports/nfl/20080921-9999-1s21list.html"
2003,"Substance abuse","W. Green","CLE",4,"Marijuana-related","http://sports.espn.go.com/nfl/news/story?id=1665738"
2003,"Personal conduct","D. Carswell","DEN",1,"Domestic violence","http://a.espncdn.com/nfl/news/2003/0703/1576427.html"
2003,"Personal conduct","D. Rodgers","MIA",1,"Domestic violence","http://articles.sun-sentinel.com/2002-07-19/sports/0207190115_1_derrick-rodgers-kareff-rodgers-william-peguero"
2003,"Personal conduct","J. Cooper","CAR",4,"DUI arrest, drugs","http://www.usatoday.com/sports/nfl/arrests/all/car/all/"
2003,"In-game violence",NA,NA,0,NA,NA
2004,"PEDs","A. Pinnock","SD",4,NA,"http://www.utsandiego.com/news/2004/Nov/10/chargers-fullback-andrew-pinnock-suspended-for/"
2004,"PEDs","D. Boston","MIA",4,NA,"http://sports.espn.go.com/nfl/news/story?id=1939250"
2004,"PEDs","L. Flowers","DEN",4,NA,"http://sports.espn.go.com/nfl/news/story?id=1585992"
2004,"Substance abuse",NA,NA,0,NA,NA
2004,"Personal conduct","P. Zukauskas","CLE",1,"DUI (acquitted)","http://www.usatoday.com/sports/nfl/arrests/"
2004,"Personal conduct","M. Pittman","TB",3,"Domestic violence","http://sports.espn.go.com/nfl/news/story?id=1826233"
2004,"In-game violence",NA,NA,0,NA,NA
2005,"PEDs","A. Madise","DEN",4,NA,"http://sports.espn.go.com/nfl/news/story?id=1974527"
2005,"PEDs","J. Welbourn","KC",4,NA,"http://sports.espn.go.com/nfl/columns/story?columnist=pasquarelli_len&id=2150559"
2005,"PEDs","R. Razzano","TB",4,NA,"http://sports.espn.go.com/espn/wire?section=nfl&id=2163692"
2005,"Substance abuse","R. Williams","MIA",4,NA,"http://sports.espn.go.com/nfl/news/story?id=2421774"
2005,"Personal conduct","E. Warfield","KC",4,"DUI arrest, multiple","http://sports.espn.go.com/nfl/columns/story?columnist=pasquarelli_len&id=2106473"
2005,"Personal conduct","B. Hopkins","TEN",1,"Domestic violence","http://sports.espn.go.com/nfl/columns/story?columnist=pasquarelli_len&id=2138940"
2005,"In-game violence",NA,NA,0,NA,NA
2006,"PEDs","H. Thomas","NO",4,NA,"http://sports.espn.go.com/nfl/news/story?id=2687451"
2006,"PEDs","S. Morris","MIA",4,NA,"http://sports.espn.go.com/nfl/news/story?id=2568282"
2006,"PEDs","S. Rogers","DET",4,NA,"http://sports.espn.go.com/nfl/news/story?id=2630061"
2006,"PEDs","M. Lehr","ATL",4,NA,"http://sports.espn.go.com/nfl/news/story?id=2629991"
2006,"PEDs","S. Merriman","SD",4,NA,"http://sports.espn.go.com/nfl/news/story?id=2635475"
2006,"PEDs","T. Sauerbrun","DEN",4,NA,"http://sports.espn.go.com/nfl/news/story?id=2512355"
2006,"Substance abuse",NA,NA,0,NA,NA
2006,"Personal conduct","T. Johnson","BAL",8,"Arrest, possession of weapon","http://profootballtalk.nbcsports.com/2014/06/24/artist-formerly-known-as-tank-johnson-friends-with-roger-goodell/"
2006,"Personal conduct","R. Manning","CHI",1,"Felony arrest charges","http://sports.espn.go.com/nfl/news/story?id=2672378"
2006,"In-game violence","A. Haynesworth","TEN",5,"Stomping on player","http://sports.espn.go.com/nfl/news/story?id=2610577"
2007,"PEDs","M. Stroud","JAX",4,NA,"http://sports.espn.go.com/nfl/news/story?id=3088185"
2007,"PEDs","C. Henry","TEN",4,NA,"http://www.utsandiego.com/sports/nfl/20080921-9999-1s21list.html"
2007,"PEDs","R. Edwards","MIN",4,NA,"http://www.twincities.com/ci_7641964?source=rss"
2007,"PEDs","K. Lang","DEN",6,NA,"http://www.nytimes.com/2007/10/05/sports/football/05nfl.html"
2007,"PEDs","T. Couch","JAX",6,NA,"http://www.nytimes.com/2007/10/05/sports/football/05nfl.html"
2007,"PEDs","J. Cooper","OAK",4,NA,"http://sports.espn.go.com/nfl/news/story?id=2949591"
2007,"PEDs","O. Ayanbadejo","CHI",4,NA,"http://sports.espn.go.com/nfl/news/story?id=2967677"
2007,"PEDs","K. Peterson","DEN",4,NA,"http://www.denverpost.com/ci_6314165"
2007,"PEDs","R. Tucker","CLE",4,NA,"http://www.nfl.com/news/story/09000d5d8012fe77/article/browns-offensive-lineman-ryan-tucker-suspended-4-games-for-violating-nfl-steroid-policy"
2007,"Substance abuse","R. Harrison","NE",4,NA,"http://sports.espn.go.com/nfl/news/story?id=2999994"
2007,"Personal conduct","M. Vick","ATL",2,"Dogfighting","http://espn.go.com/blog/nflnation/tag/_/name/frank-filchock"
2007,"Personal conduct","C. Henry","CIN",8,"Multiple arrests","http://sports.espn.go.com/nfl/news/story?id=2832015"
2007,"Personal conduct","D. Rhodes","CAR",1,"Reckless driving","http://sports.espn.go.com/nfl/news/story?id=2925395"
2007,"Personal conduct","A. Jones","TEN",20,"Multiple arrests","http://sports.espn.go.com/nfl/news/story?id=2832015"
2007,"Personal conduct","C. Henry","CIN",4,"Mulitple arrests","http://www.nfl.com/news/story/09000d5d80b58799/article/bengals-wr-henry-activated-after-serving-fourgame-suspension"
2007,"Personal conduct","S. Brandon","DEN",2,"Domestic violence","http://www.denverpost.com/broncos/ci_6362668"
2007,"Personal conduct","J. Allen","KC",4,"DUI arrest, multiple","http://sports.espn.go.com/nfl/news/story?id=2851494"
2007,"In-game violence",NA,NA,0,NA,NA
2008,"PEDs","L. Petitgout","TB",4,NA,"http://tbo.com/sports/sports/2008/aug/20/sp-petitgout-violated-nfl-steroids-policy-ar-136563/"
2008,"PEDs","D. Blackstock","CIN",4,NA,"http://sports.espn.go.com/nfl/news/story?id=3631111"
2008,"PEDs","S. Cooper","SD",4,NA,"http://sports.espn.go.com/nfl/news/story?id=3348671"
2008,"Substance abuse","J. Babineaux","SEA",2,NA,"http://seattletimes.com/html/seahawks/2008148770_webhawk31.html"
2008,"Personal conduct","R. Bernard","SEA",1,"Assault","http://seattletimes.com/html/seahawks/2008148770_webhawk31.html"
2008,"Personal conduct","D. Scott","MIN",3,"Child endangerment","http://sports.espn.go.com/nfl/news/story?id=3487505"
2008,"Personal conduct","F. Washington","OAK",1,"Domestic violence","http://espn.go.com/blog/baltimore-ravens/post/_/id/10593/what-punishment-should-ray-rice-expect"
2008,"Personal conduct","L. Johnson","KC",1,"Simple assault for spitting drink in a woman's face","http://sports.espn.go.com/nfl/news/story?id=3675871"
2008,"Personal conduct","B. McKinnie","MIN",4,"Accused of disorderly conduct, resisting arrest","http://sports.espn.go.com/nfl/news/story?id=3560135"
2008,"In-game violence",NA,NA,0,NA,NA
2009,"PEDs","C. Pace","NYJ",4,NA,"http://sports.espn.go.com/nfl/news/story?id=4303126"
2009,"PEDs","L. Lawton","OAK",4,NA,"http://sports.espn.go.com/nfl/news/story?id=4771154"
2009,"PEDs","D. Bowe","KC",4,NA,"http://sports.espn.go.com/nfl/news/story?id=4663877"
2009,"PEDs","J. Hanson","PHI",4,NA,"http://sports.espn.go.com/nfl/news/story?id=4645055"
2009,"Substance abuse","T. Jackson","TB",4,NA,"http://www.nfl.com/news/story/0ap2000000364087/article/tanard-jackson-suspended-Indefiniteinitely-by-nfl"
2009,"Personal conduct","M. Lynch","BUF",3,"Misdemeanour gun charge","http://sports.espn.go.com/nfl/news/story?id=4054396"
2009,"Personal conduct","A. Talib","TB",1,"Simple battery, resisting arrest","http://www.denverpost.com/broncos/ci_25352579/broncos-cornerback-aqib-talib-comes-denver-plenty-baggage"
2009,"Personal conduct","M. Jones","JAX",3,"Arrest, cocaine possession","http://sports.espn.go.com/nfl/news/story?id=4207106"
2009,"Personal conduct","D. Stallworth","NE",16,"DUI manslaughter","http://espn.go.com/blog/nflnation/tag/_/name/frank-filchock"
2009,"Personal conduct","M. Boley","NYG",1,"Domestic violence","http://sports.espn.go.com/nfl/news/story?id=4311313"
2009,"In-game violence",NA,NA,0,NA,NA
2010,"PEDs","B. Cushing","HOU",4,NA,"http://sports.espn.go.com/nfl/news/story?id=5172060"
2010,"PEDs","S. Gregory","NYJ",4,NA,"http://sports.espn.go.com/nfl/news/story?id=5648428"
2010,"PEDs","R. James","ATL",4,NA,"http://sports.espn.go.com/nfl/news/story?id=5364259"
2010,"PEDs","E. Gant","CIN",4,NA,"http://blog.azcardinals.com/2010/06/21/gant-suspended-four-games/"
2010,"PEDs","G. McRath","TEN",4,NA,"http://sports.espn.go.com/nfl/news/story?id=5285379"
2010,"PEDs","B. Spikes","NE",4,NA,"http://sports.espn.go.com/boston/nfl/news/story?id=5906897"
2010,"PEDs","A. Odom","CIN",4,NA,"http://sports.espn.go.com/nfl/news/story?id=5687593"
2010,"Substance abuse","D. Robinson","CAR",4,NA,"http://sports.espn.go.com/nfl/news/story?id=5906973"
2010,"Substance abuse","L. White","FREE",4,NA,"http://www.nfl.com/news/story/09000d5d818ee863/article/nfl-reveals-fourgame-ban-for-white-eightgamer-for-thomas"
2010,"Substance abuse","S. Holmes","NYJ",4,NA,"http://sports.espn.go.com/new-york/nfl/news/story?id=5077088"
2010,"Substance abuse","S. Nelson","BUF",4,NA,"http://www.buffalobills.com/news/article-3/TE-Nelson-suspended-for-first-four-games/b4507a26-f7ac-4bf9-9cf7-c47b2f079781"
2010,"Personal conduct","C. Williams","BAL",2,"Domestic violence","http://sports.espn.go.com/nfl/news/story?id=5401102"
2010,"Personal conduct","J. Babineaux","ATL",1,"Accused of battery and resisting arrest","http://usatoday30.usatoday.com/sports/football/nfl/falcons/2010-08-03-jonathan-babineaux_N.htm"
2010,"Personal conduct","M. Purify","CIN",1,"Disorderly conduct","http://espn.go.com/blog/afcnorth/post/_/id/16670/bengals-wr-purify-suspended-one-game"
2010,"Personal conduct","T. McDaniel","TB",1,"Domestic violence","http://sports.espn.go.com/nfl/news/story?id=5622330"
2010,"Personal conduct","V. Jackson","SD",3,"DUI arrest","http://sports.espn.go.com/nfl/news/story?id=5345629"
2010,"Personal conduct","Q. Ojinnaka","ATL",1,"Domestic violence","http://sports.espn.go.com/nfl/news/story?id=5249193"
2010,"In-game violence",NA,NA,0,NA,NA
2011,"PEDs","A. Hall","TEN",4,NA,"http://espn.go.com/nfl/story/_/id/6927311/tennessee-titans-ahmard-hall-suspended-4-games-nfl"
2011,"PEDs","P. Williams","MIN",2,NA,"http://espn.go.com/nfl/story/_/id/6922853/nfl-suspends-minnesota-vikings-kevin-williams-three-others-two-games"
2011,"PEDs","J. Kennedy","NYG",4,NA,"http://espn.go.com/new-york/nfl/story/_/id/7089792/new-york-giants-dt-jimmy-kennedy-suspended-nfl"
2011,"PEDs","J. Moffitt","CLE",4,NA,"http://seattletimes.com/html/seahawksblog/2016949836_seahawksrookiejohnmoffittsuspendedforperformanceenhancingdrugs.html"
2011,"PEDs","T. Lewis","WAS",4,NA,"http://www.washingtonpost.com/blogs/football-insider/post/report-redskins-trent-williams-and-fred-davis-to-be-suspended-for-four-games/2011/12/04/gIQAZJ6tSO_blog.html"
2011,"PEDs","K. Williams","MIN",2,NA,"http://espn.go.com/nfl/story/_/id/6922853/nfl-suspends-minnesota-vikings-kevin-williams-three-others-two-games"
2011,"PEDs","J. Thomas","IND",4,NA,"http://espn.go.com/nfl/story/_/id/7062953/indianapolis-colts-guard-jaime-thomas-banned-4-games-violating-steroid-policy"
2011,"Substance abuse","D. Reed","BAL",1,"Marijuana-related","http://www.nfl.com/news/story/09000d5d821eb87b/article/ravens-david-reed-suspended-for-substanceabuse-violation"
2011,"Substance abuse","F. Davis","WAS",4,"Marijuana-related","http://www.cbssports.com/nfl/eye-on-football/24448694/redskins-te-fred-davis-suspended-Indefiniteinitely-by-nfl"
2011,"Personal conduct","B. Underwood","GB",2,"Domestic violence","http://www.nationalfootballpost.com/Report-NFL-suspends-Brandon-Underwood-for-2-games.html"
2011,"Personal conduct","T. Pryor","OAK",5,"Improper gifts while in college","http://espn.go.com/nfl/story/_/id/7040047/nfl-upholds-terrelle-pryor-5-game-ban-cites-integrity"
2011,"In-game violence","J. Harrison","PIT",1,"Helmet-to-helmet hit","http://espn.go.com/nfl/story/_/id/7348112/pittsburgh-steelers-james-harrison-banned-1-game-hit-cleveland-browns-colt-mccoy"
2011,"In-game violence","N. Suh","DET",2,"Stomping on player","http://espn.go.com/nfl/story/_/id/7293935/ndamukong-suh-detroit-lions-suspended-two-games-pay"
2012,"PEDs","J. Cunningham","NE",4,NA,"http://espn.go.com/boston/nfl/story/_/id/8679955/jermaine-cunningham-new-england-patriots-suspended-four-games-violating-nfl-policy-performance-enhancing-substances"
2012,"PEDs","A. Barbre","CAR",4,NA,"http://seattletimes.com/html/localnews/2018272778_apfbnseahawksbarbresuspended.html"
2012,"PEDs","R. McBean","DEN",6,"Alleged ""non-human"" urine in system","http://espn.go.com/nfl/story/_/id/7667289/denver-broncos-dj-williams-ryan-mcbean-virgil-green-suspended"
2012,"PEDs","A. Jackson","BAL",4,NA,"http://www.nfl.com/news/story/0ap1000000225102/article/ravens-asa-jackson-banned-8-games-for-violating-ped-policy"
2012,"PEDs","J. Haden","CLE",4,NA,"http://www.nfl.com/news/story/0ap1000000060490/article/joe-haden-of-cleveland-browns-suspended-four-games"
2012,"PEDs","T. Sash","NYG",4,NA,"http://espn.go.com/new-york/nfl/story/_/id/8219721/tyler-sash-new-york-giants-suspended-four-games"
2012,"PEDs","B. Eldridge","STL",4,NA,"http://www.nfl.com/news/story/09000d5d82a4a506/article/brody-eldridge-st-louis-rams-te-suspended-four-games"
2012,"PEDs","D. Moch","CIN",4,NA,"http://espn.go.com/nfl/story/_/id/8048956/dontay-moch-cincinnati-bengals-suspended-four-games-peds"
2012,"PEDs","G. Robinson","ARI",4,NA,"http://profootballtalk.nbcsports.com/2012/09/22/gerell-robinson-gets-four-game-suspension/"
2012,"PEDs","W. Hill","NYG",4,NA,"http://www.nfl.com/news/story/0ap1000000078540/article/will-hill-suspended-by-nfl-for-violating-ped-policy"
2012,"PEDs","J. Black","WAS",4,NA,"http://www.nfl.com/news/story/0ap1000000113061/article/jordan-black-of-redskins-suspended-four-games-for-peds"
2012,"PEDs","W. Smith","NO",2,NA,"http://www.nfl.com/news/story/09000d5d821ea898/article/nfl-suspends-vikes-williams-saints-smith-in-starcaps-case"
2012,"PEDs","Q. Saulsberry","DEN",4,NA,"http://www.nfl.com/news/story/0ap1000000217875/article/quentin-saulsberry-of-denver-broncos-had-dui-arrest"
2012,"PEDs","B. Bolden","BAL",4,NA,"http://www.nfl.com/news/story/0ap1000000092510/article/brandon-bolden-suspended-for-violating-drug-policy"
2012,"PEDs","D. Brown","HOU",4,NA,"http://sports.espn.go.com/nfl/news/story?id=5600928"
2012,"PEDs","J. Chatman","NYJ",4,NA,"http://www.nfl.com/news/story/09000d5d80a65c4c/article/chatman-suspended-four-games-for-violating-nfls-steroids-policy"
2012,"PEDs","B. Hartmann","WAS",3,NA,"http://profootballtalk.nbcsports.com/2012/05/22/hartmann-explains-his-three-game-suspension/"
2012,"PEDs","D.J. Williams","DEN",6,"Alleged ""non-human"" urine in system","http://espn.go.com/nfl/story/_/id/7667289/denver-broncos-dj-williams-ryan-mcbean-virgil-green-suspended"
2012,"PEDs","V. Green","SD",4,NA,"http://espn.go.com/nfl/story/_/id/7667289/denver-broncos-dj-williams-ryan-mcbean-virgil-green-suspended"
2012,"PEDs","A. Talib","TB",4,NA,"http://www.nfl.com/news/story/0ap1000000079902/article/aqib-talib-of-buccaneers-suspended-four-games-for-adderall-use"
2012,"PEDs","C. Griffin","WAS",4,NA,"http://espn.go.com/nfl/story/_/id/8709862/cedric-griffin-washington-redskins-suspended-four-games"
2012,"PEDs","M. Neal","GB",4,NA,"http://espn.go.com/nfl/story/_/id/7682945/nfl-suspends-mike-neal-green-bay-packers-1st-four-games"
2012,"PEDs","L. Ziemba","CAR",4,NA,"http://blogs.charlotte.com/panthers/2012/10/ziemba-suspended-4-games-for-violating-ped-policy.html"
2012,"PEDs","A. Neblett","CAR",4,NA,"http://www.nfl.com/news/story/09000d5d82aa5c20/article/andre-neblett-suspended-four-games-for-ped-violation"
2012,"PEDs","W. Guy","SEA",4,NA,"http://www.nfl.com/news/story/0ap1000000098505/article/winston-guy-of-seahawks-suspended-for-illegal-substances"
2012,"PEDs","J. Hawley","ATL",4,NA,"http://www.nfl.com/news/story/0ap1000000097773/article/joe-hawley-of-atlanta-falcons-suspended-four-games-by-nfl"
2012,"PEDs","N. Miller","STL",4,NA,"http://profootball.scout.com/story/1159088-nick-miller-suspended-four-games"
2012,"PEDs","E. Wright","TB",4,NA,"http://espn.go.com/nfl/story/_/id/8680228/eric-wright-tampa-bay-buccaneers-suspended-4-games"
2012,"Substance abuse","L. Wilson","NO",1,"Marijuana-related","http://profootballtalk.nbcsports.com/2012/07/06/saints-linebacker-lawrence-wilson-suspended-fined-by-league/"
2012,"Substance abuse","J. Simpson","IND",3,"Marijuana-related","http://espn.go.com/nfl/story/_/id/7849039/free-agent-receiver-jerome-simpson-suspended-three-games-league-source-says"
2012,"Substance abuse","N. Collins","CHI",1,"Marijuana-related","http://www.nfl.com/news/story/09000d5d82aaddb5/article/chicago-bears-dt-nate-collins-suspended-one-game-by-nfl"
2012,"Substance abuse","T. Hali","KC",1,NA,"http://espn.go.com/nfl/trainingcamp12/story/_/id/8284849/kansas-city-chiefs-tamba-hali-suspended-one-game-nfl"
2012,"Substance abuse","D. Washington","ARI",4,NA,"http://www.nfl.com/news/story/0ap2000000354739/article/daryl-washington-suspended-for-at-least-one-year"
2012,"Personal conduct","D.J. Williams","DEN",3,"DUI arrest","http://espn.go.com/nfl/story/_/id/8466699/denver-broncos-linebacker-dj-williams-suspended-3-more-games"
2012,"Personal conduct","A. Berry","CLE",3,"DUI arrest","http://www.nfl.com/news/story/0ap1000000052406/article/aaron-berry-gets-3game-nfl-suspension-for-arrests"
2012,"Personal conduct","D. Washington","KC",3,"DUI, marijuana-related","http://www.nfl.com/news/story/09000d5d82ab54ab/article/kansas-city-chiefs-donald-washington-charged-with-dui"
2012,"Personal conduct","B. Marshall","DEN",1,"Domestic violence","http://www.nfl.com/news/story/09000d5d827969b7/article/report-brandon-marshall-accused-of-hitting-woman-outside-club"
2012,"Personal conduct","J. Bridges","ARI",2,"Arrest, misdemeanour assault for pointing gun at stripper","http://www.newsobserver.com/2012/11/14/2482573/guard-jeremy-bridges-to-get-2nd.html"
2012,"Personal conduct","D. Jarrett","CAR",3,"DUI arrest","http://www.nfl.com/news/story/09000d5d829ad13c/article/dwayne-jarrett-announces-retirement-from-football"
2012,"Personal conduct","B. Roethlisberger","PIT",4,"Sexual assault","http://www.nfl.com/news/story/09000d5d81a3eb23/article/goodell-reduces-roethlisbergers-suspension-to-four-games"
2012,"Personal conduct","M. Leshoure","DET",2,"Arrest, Marijuana-related","http://www.nfl.com/news/story/09000d5d829cc3b8/article/mikel-leshoure-suspended-two-games-by-nfl"
2012,"Personal conduct","F. Evans","MIN",2,"Marijuana-related","http://www.nfl.com/news/story/09000d5d80496e88/article/vikings-evans-gets-twogame-suspension-per-nfl-conduct-policy"
2012,"Personal conduct","K. Britt","TEN",1,"DUI arrest","http://www.nfl.com/news/story/0ap1000000056660/article/kenny-britt-of-titans-suspended-one-game-by-nfl"
2012,"In-game violence","J. Mays","DEN",1,"Helmet-to-helmet hit","http://www.nfl.com/news/story/0ap1000000066219/article/joe-mays-suspended-one-game-for-hit-on-matt-schaub"
2013,"PEDs","B. Irvin","DET",4,NA,"http://espn.go.com/nfl/story/_/id/9287069/bruce-irvin-seattle-seahawks-suspended-four-games"
2013,"PEDs","D. Lutui","TEN",4,NA,"http://www.nfl.com/news/story/0ap1000000150698/article/deuce-lutui-suspended-by-nfl-for-drug-violation"
2013,"PEDs","L. Grant","FREE",4,NA,"http://www.nfl.com/news/story/0ap1000000161912/article/larry-grant-suspended-four-games-for-violating-nfl-drug-policy"
2013,"PEDs","D. Love","MIN",4,NA,"http://www.cbssports.com/nfl/eye-on-football/22974075/vikings-ol-demarcus-love-suspended-for-ped-violation"
2013,"PEDs","L. Reynolds","JAX",4,NA,"http://espn.go.com/nfl/story/_/id/9967595/laroy-reynolds-jacksonville-jaguars-suspended-4-games-positive-test"
2013,"PEDs","J. Dunbar","STL",4,NA,"http://www.nfl.com/news/story/0ap1000000229913/article/st-louis-rams-jolonn-dunbar-suspended-four-games"
2013,"PEDs","J. Jenkins","WAS",4,NA,"http://www.nfl.com/news/story/0ap1000000221583/article/redskins-jarvis-jenkins-suspended-4-games-for-peds"
2013,"PEDs","A. Holmes","OAK",4,NA,"http://www.cbssports.com/nfl/eye-on-football/22915004/raiders-wr-andre-holmes-suspended-for-ped-violation"
2013,"PEDs","G. Miller","CHI",4,NA,"http://www.nfl.com/news/story/0ap1000000209177/article/chicago-bears-gabe-miller-evan-rodriguez-apologize"
2013,"PEDs","K. Winslow","NYJ",4,NA,"http://www.nfl.com/news/story/0ap2000000260647/article/kellen-winslow-suspended-4-games-for-ped-violation"
2013,"PEDs","T. Zbikowski","FREE",4,NA,"http://espn.go.com/nfl/story/_/id/9660103/nfl-suspends-free-agents-tom-zbikowski-brandon-mcdonald"
2013,"Substance abuse","C. Thompson","BAL",4,NA,"http://www.nfl.com/news/story/0ap1000000156390/article/christian-thompson-suspended-by-nfl-for-substance-abuse"
2013,"Substance abuse","B. Collins","MIA",4,NA,"http://www.nfl.com/news/story/0ap1000000214394/article/brandon-collins-banned-for-violating-substance-policy"
2013,"Substance abuse","R. Jackson","WAS",4,NA,"http://www.nfl.com/news/story/0ap1000000152373/article/washington-redskins-lb-rob-jackson-suspended-four-games"
2013,"Substance abuse","V. Taua","SEA",4,NA,"http://seattletimes.com/html/seahawks/2022327022_seahawks25xml.html"
2013,"Substance abuse","W. Hill","NYG",4,"Marijuana-related","http://espn.go.com/new-york/nfl/story/_/id/11007693/will-hill-new-york-giants-suspended-six-games-violating-nfl-substance-abuse-policy"
2013,"Substance abuse","B. Reed","PIT",4,NA,"http://www.behindthesteelcurtain.com/2013/7/19/4537156/former-steelers-receiver-bert-reed-suspended-four-games"
2013,"Substance abuse","W. Thurmond","SEA",4,NA,"http://www.nfl.com/news/story/0ap2000000286330/article/walter-thurmond-to-drop-appeal-of-4game-suspension"
2013,"Substance abuse","L. Brazill","IND",4,NA,"http://www.nfl.com/news/story/0ap1000000214428/article/lavon-brazill-suspended-for-violating-substance-policy"
2013,"Substance abuse","I. Pead","STL",1,"Marijuana-related","http://www.nfl.com/news/story/0ap1000000208343/article/isaiah-pead-suspended-for-substance-abuse-violation"
2013,"Substance abuse","J. Blackmon","JAX",4,NA,"http://thebiglead.com/2013/04/30/justin-blackmon-of-the-jaguars-suspended-for-4-games-for-violating-league-policy-on-substance-abuse/"
2013,"Substance abuse","J. James","ARI",4,NA,"http://profootballtalk.nbcsports.com/2013/02/13/javarris-james-suspended-four-games/"
2013,"Substance abuse","V. Miller","DEN",4,"Marijuana-related","http://www.denverpost.com/ci_23711440/broncos-star-von-miller-suspended-four-games-by"
2013,"Substance abuse","J. Gordon","CLE",2,NA,"http://www.nfl.com/news/story/0ap1000000210218/article/josh-gordon-suspended-two-cleveland-browns-games"
2013,"Personal conduct","D. Dobbs","SF",1,"DUI arrest, possession of marijuana","http://espn.go.com/nfl/trainingcamp13/story/_/id/9568430/demarcus-dobbs-san-francisco-49ers-suspended-week-1"
2013,"Personal conduct","M. Goodson","NYJ",4,"Arrest, possession of weapon and marijuana","http://espn.go.com/new-york/nfl/story/_/id/9603404/mike-goodson-new-york-jets-suspended-4-games"
2013,"Personal conduct","B. McDonald","FREE",2,NA,"http://www.usatoday.com/story/sports/nfl/2013/09/10/nfl-suspends-tom-zbikowski-brandon-mcdonald/2795979/"
2013,"Personal conduct","J. Felton","CAR",3,"Reckless driving","http://www.nfl.com/news/story/0ap1000000234517/article/minnesota-vikings-jerome-felton-suspended-3-games"
2013,"Personal conduct","C. Haggans","WAS",3,"DUI arrest","http://www.mercurynews.com/49ers/ci_21575932/san-francisco-49ers-linebacker-clark-haggans-suspended?source=rss_viewed"
2013,"Personal conduct","L. Hill","SEA",2,"Domestic violence","http://www.nfl.com/news/story/0ap1000000132752/article/seattle-seahawks-leroy-hill-arrested-on-assault-charges"
2013,"In-game violence","D. Goldson","DEN",1,"Head-butt","http://www.nfl.com/news/story/0ap2000000284209/article/bucs-dashon-goldson-has-onegame-suspension-upheld"
2013,"In-game violence","M. Griffin","TEN",1,"Illegal hit","http://www.nfl.com/news/story/0ap2000000287948/article/titans-michael-griffin-suspended-1-game-for-illegal-hit"
2013,"In-game violence","A. Smith","HOU",3,"Ripping off opponent's helmet","http://www.nfl.com/news/story/0ap1000000233139/article/houston-texans-de-antonio-smiths-suspension-appeal-denied"
2013,"In-game violence","B. Meriweather","WAS",1,"Helmet-to-helmet hit","http://www.nfl.com/news/story/0ap2000000268595/article/brandon-meriweathers-suspension-reduced-to-1-game"
2013,"In-game violence","E. Walden","IND",1,"Head-butt","http://www.nfl.com/news/story/0ap2000000284117/article/erik-walden-has-onegame-ban-for-headbutt-upheld"
2014,"PEDs","J. Knott","PHI",4,NA,"http://www.nfl.com/news/story/0ap2000000339592/article/jake-knott-suspended-for-violating-substance-abuse-policy"
2014,"PEDs","S. Nealy","MIN",4,NA,"http://espn.go.com/nfl/story/_/id/11204290/spencer-nealy-minnesota-vikings-suspended-four-games-ped-use"
2014,"PEDs","S. Bailey","STL",4,NA,"http://www.nfl.com/news/story/0ap2000000349785/article/st-louis-rams-stedman-bailey-suspended-four-games"
2014,"PEDs","A. Pettis","STL",4,NA,"http://www.foxsports.com/nfl/story/St-Louis-Rams-wide-receiver-Austin-Pettis-suspended-four-games-for-NFL-drug-policy-violation-122111?gt1=39002"
2014,"PEDs","O. Scandrick","DAL",4,"MDMA","http://espn.go.com/dallas/nfl/story/_/id/11341354/orlando-scandrick-dallas-cowboys-suspended-four-games-performance-enhancing-drugs"
2014,"PEDs","G. Brown","WAS",4,NA,"http://www.nfl.com/news/story/0ap2000000051195/article/garrett-brown-of-san-diego-chargers-suspended-four-games"
2014,"PEDs","B. Williams","CIN",4,NA,"http://www.foxsports.com/nfl/story/Cincinnati-Bengals-Bobbie-Williams-suspension-substance-abuse-policy-090311?utm_source=feedburner&utm_medium=feed&utm_campaign=Feed%3A+foxsports%2FRSS%2FNFL+(FOXSports.com+News+for+NFL)"
2014,"PEDs","D. Jordan","MIA",4,NA,"http://www.nfl.com/news/story/0ap2000000363402/article/dion-jordan-suspended-four-games-for-ped-violation"
2014,"PEDs","W. Welker","DEN",4,NA,"http://www.usatoday.com/story/sports/nfl/broncos/2014/09/02/wes-welker-suspended-four-games-amphetamine-denver/14992795/"
2014,"PEDs","L. Johnson","PHI",4,NA,"http://www.nfl.com/news/story/0ap2000000367649/article/eagles-lane-johnson-suspended-four-games-for-peds"
2014,"PEDs","R. Mathis","IND",4,NA,"http://www.nfl.com/news/story/0ap2000000350988/article/colts-robert-mathis-suspended-four-games-for-ped"
2014,"Substance abuse","A. Sanders","JAX",4,NA,"http://espn.go.com/nfl/story/_/id/11249916/ace-sanders-jacksonville-jaguars-takes-leave-suspension-looming"
2014,"Substance abuse","N. Bradham","BUF",1,"Marijuana-related","http://www.nfl.com/news/story/0ap2000000371523/article/bills-lb-nigel-bradham-suspended-for-opening-game"
2014,"Substance abuse","M. Prater","DEN",4,"Alcohol-related","http://www.nfl.com/news/story/0ap3000000383065/article/broncos-matt-prater-will-be-suspended-four-games"
2014,"Substance abuse","F. Alexander","HOU",4,NA,"http://espn.go.com/nfl/story/_/id/10873670/de-frank-alexander-carolina-panthers-suspended-four-games-violating-nfl-substance-abuse-policy"
2014,"Substance abuse","B. Moore","WAS",4,NA,"http://www.cbssports.com/nfl/eye-on-football/24519089/redskins-de-brandon-moore-suspended-4-games"
2014,"Substance abuse","R. Watkins","KC",4,NA,"http://espn.go.com/nfl/story/_/id/11173854/rokevious-watkins-kansas-city-chiefs-suspended-four-games-violating-nfl-substance-abuse-policy"
2014,"Substance abuse","J. Hosley","TEN",4,NA,"http://www.nfl.com/news/story/0ap2000000355977/article/giants-jayron-hosley-suspended-for-four-games"
2014,"Personal conduct","R. Rice","BAL",0,"Domestic violence","http://espn.go.com/new-york/nfl/story/_/id/11489134/baltimore-ravens-cut-ray-rice-new-video-surfaces"
2014,"Personal conduct","C. Benson","DEN",3,"Misdemeanour assault","http://www.foxsports.com/nfl/story/Cincinnati-Bengals-RB-Cedric-Benson-suspended-three-games-092211"
2014,"Personal conduct","J. Brent","DAL",10,"DUI manslaughter","http://www.nfl.com/news/story/0ap3000000388413/article/dallas-cowboys-josh-brent-suspended-10-weeks"
2014,"Personal conduct","C. Benson","PIT",1,"Misdemeanour assault","http://espn.go.com/nfl/story/_/id/7119178/suspension-cincinnati-bengals-cedric-benson-reduced-1-game-3"
2014,"In-game violence",NA,NA,0,NA,NA
NA,"PEDs",NA,NA,0,NA,NA
NA,"Substance abuse",NA,NA,0,NA,NA
NA,"Personal conduct","P. Hornung","GB",14,"Gambling-related","http://espn.go.com/blog/nflnation/tag/_/name/frank-filchock"
NA,"In-game violence",NA,NA,0,NA,NA
